cohort_year,total_invested,avg_sip_amount,top_fund_amfi
2024,3491125187,10996.885825361911,148568
2025,30455243,13505.209580838324,119599
